,Date,Volume,Turnover,Open,High,Low,Close
0,107/01/02,"18,055,269","4,188,555,408",231.50,232.50,231.00,232.50
1,107/01/03,"31,706,091","7,504,382,512",236.00,238.00,235.50,237.00
2,107/01/04,"29,179,613","6,963,192,636",240.00,240.00,236.50,239.50
3,107/01/05,"23,721,255","5,681,934,695",240.00,240.00,238.00,240.00
4,107/01/08,"21,846,692","5,281,823,362",242.00,242.50,240.50,242.00
5,107/01/09,"19,043,123","4,588,314,012",242.00,242.00,239.50,242.00
6,107/01/10,"25,716,220","6,118,683,273",241.50,242.00,236.00,236.50
7,107/01/11,"32,070,338","7,500,674,455",235.00,236.00,232.50,235.00
8,107/01/12,"23,141,291","5,463,302,207",234.50,238.00,233.50,237.00
9,107/01/15,"28,576,533","6,832,851,887",240.00,240.00,238.00,240.00
10,107/01/16,"23,407,632","5,609,009,540",240.00,240.50,238.00,240.50
11,107/01/17,"38,118,119","9,207,582,787",240.50,243.00,239.00,242.00
12,107/01/18,"50,119,952","12,406,562,364",245.00,250.00,245.00,248.50
13,107/01/19,"55,061,292","13,975,174,348",253.50,255.50,251.50,255.50
14,107/01/22,"45,907,509","11,934,882,643",257.50,262.00,257.00,261.50
15,107/01/23,"34,606,444","9,155,080,569",262.50,266.00,262.50,266.00
16,107/01/24,"42,600,813","11,022,372,004",263.00,263.00,256.50,258.00
17,107/01/25,"46,214,756","11,981,089,514",258.00,264.00,256.50,258.00
18,107/01/26,"43,514,523","11,101,977,348",256.50,257.50,253.50,255.00
19,107/01/29,"31,306,234","8,067,780,117",259.00,261.50,255.00,258.50
20,107/01/30,"37,410,591","9,523,980,994",256.00,257.50,252.50,253.00
21,107/01/31,"45,807,808","11,670,582,000",253.00,257.50,252.00,255.00
0,107/02/01,"30,900,457","8,022,694,430",257.50,261.00,257.00,259.50
1,107/02/02,"25,707,560","6,633,344,540",259.00,260.00,255.00,259.50
2,107/02/05,"46,554,379","11,742,299,859",251.00,254.50,250.50,253.00
3,107/02/06,"104,448,048","24,944,565,955",242.50,243.50,234.00,239.00
4,107/02/07,"82,299,178","19,903,032,966",245.00,245.50,239.50,240.00
5,107/02/08,"31,192,550","7,468,970,072",239.50,242.00,238.00,238.50
6,107/02/09,"65,939,265","15,227,192,540",230.00,233.00,228.50,232.50
7,107/02/12,"42,917,236","10,113,012,768",235.50,237.50,235.00,236.50
8,107/02/21,"76,396,174","18,582,475,956",244.50,244.50,242.00,242.50
9,107/02/22,"45,492,993","10,977,665,819",244.00,244.00,239.00,239.50
10,107/02/23,"26,985,776","6,578,657,620",241.00,245.00,241.00,245.00
11,107/02/26,"36,165,810","8,910,352,170",247.00,247.50,245.00,246.50
12,107/02/27,"44,699,119","11,061,945,363",250.50,250.50,246.00,246.00
0,107/03/01,"43,847,984","10,669,194,561",244.00,245.00,242.00,243.00
1,107/03/02,"35,289,170","8,453,712,014",240.00,241.00,238.50,240.00
2,107/03/05,"27,337,846","6,607,367,732",242.50,243.00,240.50,241.50
3,107/03/06,"36,945,780","9,155,812,210",245.50,250.00,245.50,250.00
4,107/03/07,"30,391,219","7,525,601,638",248.00,248.50,246.00,247.00
5,107/03/08,"20,645,694","5,172,732,531",249.50,251.50,249.00,249.50
6,107/03/09,"22,887,063","5,723,277,170",250.00,251.00,248.50,250.50
7,107/03/12,"25,100,615","6,370,529,728",252.00,255.00,251.50,254.00
8,107/03/13,"34,264,883","8,816,553,606",255.50,259.00,255.00,259.00
9,107/03/14,"24,254,838","6,220,805,864",256.50,257.50,255.50,257.00
10,107/03/15,"19,396,493","4,965,546,715",258.00,258.00,255.00,255.00
11,107/03/16,"62,989,326","15,930,805,360",253.00,256.00,249.50,255.00
12,107/03/19,"22,440,766","5,679,567,964",252.50,255.50,251.00,255.00
13,107/03/20,"22,335,151","5,640,426,203",253.00,254.00,251.50,253.00
14,107/03/21,"32,977,737","8,325,162,114",255.00,255.00,251.00,252.50
15,107/03/22,"27,000,718","6,797,045,014",254.50,254.50,249.50,251.50
16,107/03/23,"52,974,390","12,994,667,867",245.00,247.00,244.00,245.00
17,107/03/26,"39,487,945","9,582,954,454",241.50,244.50,241.50,243.50
18,107/03/27,"31,100,260","7,732,298,021",248.00,251.00,247.00,251.00
19,107/03/28,"29,924,411","7,349,468,217",247.50,248.00,244.00,245.00
20,107/03/29,"36,427,345","8,888,435,870",243.00,247.00,242.50,244.00
21,107/03/30,"16,996,346","4,212,690,462",247.50,249.50,246.00,246.00
22,107/03/31,"3,603,912","893,664,176",247.50,249.00,246.50,247.50
0,107/04/02,"19,029,003","4,702,581,241",248.50,249.00,245.00,246.50
1,107/04/03,"35,813,944","8,710,200,224",243.00,244.50,242.00,244.00
2,107/04/09,"35,465,824","8,716,801,768",248.00,248.00,243.50,245.00
3,107/04/10,"25,268,994","6,231,896,018",244.50,249.00,243.50,245.50
4,107/04/11,"21,777,935","5,391,978,180",246.50,248.50,246.50,248.00
5,107/04/12,"20,476,657","5,028,226,522",248.50,248.50,244.00,245.00
6,107/04/13,"19,946,548","4,885,963,546",246.00,246.00,244.00,244.50
7,107/04/16,"21,608,528","5,251,556,179",243.00,244.00,242.00,243.50
8,107/04/17,"42,756,389","10,232,256,860",243.00,243.50,237.50,238.00
9,107/04/18,"44,768,048","10,668,587,090",239.50,241.50,236.50,238.00
10,107/04/19,"33,230,989","8,081,404,960",242.00,244.50,241.00,244.50
11,107/04/20,"129,890,087","29,837,344,632",228.00,231.50,228.00,229.00
12,107/04/23,"71,901,975","16,282,275,410",226.50,227.50,225.00,226.50
13,107/04/24,"45,206,892","10,233,860,296",225.00,227.50,225.00,227.00
14,107/04/25,"48,975,110","11,032,111,105",225.50,226.00,224.00,225.00
15,107/04/26,"48,176,657","10,766,085,521",225.00,225.50,221.00,222.00
16,107/04/27,"34,443,459","7,679,131,764",225.00,225.50,221.00,223.50
17,107/04/30,"28,500,789","6,448,117,416",224.50,228.00,222.50,227.00
0,107/05/02,"38,436,942","8,633,492,540",227.00,227.50,222.50,223.00
1,107/05/03,"33,507,731","7,399,813,831",221.00,222.50,220.00,220.50
2,107/05/04,"28,477,722","6,330,594,053",221.00,224.00,220.50,223.00
3,107/05/07,"23,751,759","5,309,421,525",225.00,225.50,221.50,223.50
4,107/05/08,"40,324,763","9,146,327,464",224.00,228.50,223.50,228.00
5,107/05/09,"35,597,934","8,188,991,070",228.50,232.00,228.50,229.50
6,107/05/10,"27,530,377","6,337,230,710",231.00,231.50,229.00,229.50
7,107/05/11,"30,693,910","7,138,428,530",232.00,234.00,230.50,233.00
8,107/05/14,"23,577,637","5,502,726,121",234.50,234.50,232.50,233.00
9,107/05/15,"23,771,769","5,493,470,187",233.50,234.00,229.50,230.50
10,107/05/16,"14,834,107","3,408,682,013",229.50,230.50,228.50,230.50
11,107/05/17,"27,702,737","6,322,484,836",231.00,231.50,226.50,226.50
12,107/05/18,"28,187,541","6,327,474,145",225.50,227.50,223.50,223.50
13,107/05/21,"16,417,815","3,751,438,835",225.00,230.00,225.00,229.00
14,107/05/22,"22,422,097","5,175,634,112",230.00,233.50,229.00,229.00
15,107/05/23,"26,737,899","6,146,178,621",231.50,231.50,228.50,228.50
16,107/05/24,"13,450,610","3,082,675,140",229.50,230.00,228.50,229.00
17,107/05/25,"16,486,294","3,769,909,946",228.50,229.50,228.00,228.50
18,107/05/28,"17,673,270","4,020,203,060",229.50,230.00,226.50,227.00
19,107/05/29,"25,770,776","5,782,293,276",226.50,226.50,223.50,225.00
20,107/05/30,"49,667,788","10,997,306,304",224.00,224.00,220.50,221.00
21,107/05/31,"96,587,458","21,553,655,265",221.50,224.00,220.50,224.00
0,107/06/01,"36,652,094","8,209,412,370",224.50,226.50,224.00,224.00
1,107/06/04,"31,257,480","7,131,988,670",227.50,229.00,227.00,229.00
2,107/06/05,"27,714,384","6,329,201,896",230.00,230.00,226.50,229.00
3,107/06/06,"30,375,441","6,961,135,060",229.00,230.00,227.00,230.00
4,107/06/07,"25,277,266","5,809,345,446",231.00,231.50,228.00,230.00
5,107/06/08,"24,192,851","5,493,234,408",229.00,229.00,226.00,227.00
6,107/06/11,"22,028,933","4,980,629,259",226.50,227.00,225.00,226.00
7,107/06/12,"30,189,360","6,837,374,510",225.00,229.00,224.00,229.00
8,107/06/13,"36,081,120","8,311,856,296",229.00,232.00,228.00,232.00
9,107/06/14,"36,932,041","8,423,126,398",230.00,230.00,226.50,226.50
10,107/06/15,"49,506,679","11,291,127,719",225.00,231.00,224.00,231.00
11,107/06/19,"61,142,624","13,754,800,554",225.50,226.00,224.00,225.00
12,107/06/20,"40,708,701","9,175,159,127",224.50,227.50,223.50,226.00
13,107/06/21,"32,572,707","7,379,769,339",227.50,228.00,226.00,226.50
14,107/06/22,"44,211,409","9,994,644,852",224.50,227.50,224.00,227.50
15,107/06/25,"49,058,211","10,749,795,782",220.00,220.50,218.00,218.00
16,107/06/26,"43,080,346","9,242,648,746",215.50,216.00,212.50,214.50
17,107/06/27,"40,863,414","8,742,004,301",216.00,216.00,212.50,213.00
18,107/06/28,"38,816,780","8,231,075,920",211.00,214.50,210.00,212.00
19,107/06/29,"36,848,680","7,919,779,720",212.00,217.00,212.00,216.50
0,107/07/02,"33,496,442","7,257,081,470",218.50,219.00,214.00,214.00
1,107/07/03,"28,663,220","6,173,115,899",215.50,218.00,213.50,214.50
2,107/07/04,"15,359,295","3,324,927,032",217.00,217.50,215.50,216.00
3,107/07/05,"18,225,416","3,904,832,940",214.00,215.00,213.00,214.50
4,107/07/06,"31,344,962","6,779,063,394",217.50,217.50,215.00,217.00
5,107/07/09,"41,165,793","9,100,880,393",219.50,223.00,218.50,221.50
6,107/07/10,"20,196,957","4,498,264,914",223.00,224.00,222.00,222.00
7,107/07/11,"19,854,690","4,355,547,100",220.00,220.00,218.00,220.00
8,107/07/12,"23,806,051","5,246,628,771",218.00,222.00,218.00,220.50
9,107/07/13,"30,419,311","6,799,894,334",222.50,224.50,222.50,224.50
10,107/07/16,"16,107,254","3,612,296,896",224.50,225.00,223.50,223.50
11,107/07/17,"22,554,436","5,003,028,272",222.50,223.50,221.00,221.50
12,107/07/18,"45,802,658","10,221,407,834",223.00,224.00,222.00,223.00
13,107/07/19,"43,976,216","9,930,715,930",225.50,227.00,224.50,224.50
14,107/07/20,"103,652,023","24,367,904,428",235.00,237.50,233.00,237.50
15,107/07/23,"52,269,877","12,621,500,480",239.00,245.00,238.50,241.00
16,107/07/24,"27,468,267","6,599,675,515",240.00,241.50,238.50,241.00
17,107/07/25,"21,530,312","5,173,924,310",239.00,241.00,239.00,240.50
18,107/07/26,"30,856,388","7,435,261,120",241.00,242.50,239.50,241.00
19,107/07/27,"27,129,646","6,605,479,210",242.00,244.50,241.00,244.50
20,107/07/30,"22,803,730","5,585,710,909",244.50,245.50,244.00,245.50
21,107/07/31,"28,202,542","6,912,550,610",243.50,246.00,242.00,246.00
0,107/08/01,"29,777,161","7,375,488,342",247.00,248.00,246.50,248.00
1,107/08/02,"22,775,110","5,611,725,541",249.00,249.50,243.50,244.50
2,107/08/03,"25,165,097","6,205,758,662",246.00,248.00,245.00,247.00
3,107/08/06,"22,364,568","5,487,396,854",245.00,247.00,244.00,245.50
4,107/08/07,"24,352,418","5,922,738,042",245.00,245.50,241.50,241.50
5,107/08/08,"24,382,432","6,011,480,272",245.00,247.50,244.50,247.50
6,107/08/09,"15,128,655","3,740,736,404",247.00,248.00,246.00,247.00
7,107/08/10,"16,125,492","3,961,311,040",246.50,247.00,244.50,245.00
8,107/08/13,"17,881,194","4,302,280,285",241.50,243.00,239.00,240.50
9,107/08/14,"17,488,913","4,262,753,253",245.00,245.00,242.50,243.50
10,107/08/15,"19,236,321","4,642,117,523",244.50,244.50,239.50,241.50
11,107/08/16,"19,155,966","4,587,260,340",238.00,241.50,238.00,239.00
12,107/08/17,"19,634,474","4,707,354,383",239.50,241.00,239.00,239.50
13,107/08/20,"17,014,437","4,068,729,103",239.50,240.00,238.00,239.50
14,107/08/21,"13,871,127","3,328,215,657",239.00,241.00,238.50,241.00
15,107/08/22,"12,679,240","3,063,201,922",241.50,242.50,240.50,242.00
16,107/08/23,"17,216,240","4,200,671,070",243.00,244.50,243.00,244.50
17,107/08/24,"15,446,943","3,772,959,070",245.50,246.00,243.00,243.50
18,107/08/27,"15,579,299","3,825,736,755",246.00,246.50,244.50,245.00
19,107/08/28,"40,410,531","10,075,613,779",248.50,250.00,248.00,249.50
20,107/08/29,"57,633,182","14,784,556,456",253.50,259.00,253.50,259.00
21,107/08/30,"52,622,808","13,914,404,873",264.50,268.00,262.50,263.50
22,107/08/31,"70,000,506","17,920,548,387",257.50,259.00,254.00,256.00
0,107/09/03,"34,510,555","8,901,193,266",259.00,260.00,256.50,257.00
1,107/09/04,"41,455,615","10,654,493,061",258.50,259.50,255.50,257.50
2,107/09/05,"52,706,459","13,833,360,422",260.00,264.50,259.00,264.00
3,107/09/06,"39,779,488","10,467,251,488",268.00,268.00,261.00,261.00
4,107/09/07,"44,746,728","11,753,033,262",263.00,264.00,260.50,264.00
5,107/09/10,"62,851,599","16,669,866,076",266.50,266.50,262.50,264.50
6,107/09/11,"44,981,276","11,709,484,991",263.00,263.50,258.00,260.00
7,107/09/12,"38,415,965","9,987,682,900",261.00,262.00,258.00,260.50
8,107/09/13,"37,959,180","9,721,989,110",260.00,260.00,253.50,255.00
9,107/09/14,"40,034,219","10,379,404,959",257.00,261.50,257.00,261.00
10,107/09/17,"25,041,358","6,483,537,091",262.50,262.50,257.00,258.00
11,107/09/18,"34,381,152","8,771,502,830",256.50,257.00,254.00,254.50
12,107/09/19,"69,978,711","18,074,954,749",258.00,260.00,257.00,258.00
13,107/09/20,"35,577,071","9,225,009,310",261.50,261.50,257.50,260.00
14,107/09/21,"36,500,974","9,510,363,894",261.50,261.50,258.00,261.50
15,107/09/25,"24,978,062","6,552,894,296",261.50,264.00,260.50,263.50
16,107/09/26,"25,061,115","6,577,367,245",263.00,263.50,261.00,263.50
17,107/09/27,"38,495,371","10,185,827,315",264.00,266.00,262.00,265.00
18,107/09/28,"39,645,486","10,412,455,506",266.00,266.00,260.00,262.50
0,107/10/01,"22,409,380","5,882,532,290",262.00,264.00,261.00,263.00
1,107/10/02,"38,391,491","9,926,505,357",262.00,263.00,257.00,257.50
2,107/10/03,"25,228,536","6,527,393,860",257.50,260.00,257.00,260.00
3,107/10/04,"38,009,727","9,690,178,362",257.00,257.50,254.00,254.00
4,107/10/05,"40,396,660","10,101,451,270",250.00,253.00,248.50,250.00
5,107/10/08,"51,083,958","12,426,290,240",245.50,246.50,241.00,243.50
6,107/10/09,"28,933,345","7,051,600,725",243.50,245.00,242.00,244.00
7,107/10/11,"96,033,657","22,115,862,239",233.50,233.50,227.00,227.50
8,107/10/12,"54,439,769","12,650,322,522",231.00,237.00,229.00,237.00
9,107/10/15,"46,471,280","10,766,953,220",234.00,234.00,230.50,230.50
10,107/10/16,"39,129,077","9,155,829,047",229.50,237.00,229.00,237.00
11,107/10/17,"42,887,858","10,318,955,161",241.50,243.00,238.00,238.50
12,107/10/18,"27,793,430","6,587,887,632",238.00,239.00,235.50,236.50
13,107/10/19,"29,648,460","6,927,405,460",231.00,236.50,230.00,236.00
14,107/10/22,"29,275,777","6,872,467,149",232.50,238.00,231.50,237.00
15,107/10/23,"36,757,745","8,538,586,595",232.00,234.00,230.00,230.00
16,107/10/24,"45,480,950","10,426,514,872",230.00,231.00,227.00,229.50
17,107/10/25,"75,524,118","16,643,542,368",220.50,222.00,219.50,219.50
18,107/10/26,"54,073,644","11,941,421,696",223.00,224.00,217.00,221.00
19,107/10/29,"18,463,792","4,107,663,616",223.00,224.00,221.00,222.50
20,107/10/30,"29,085,931","6,487,213,284",221.00,225.00,220.50,223.00
21,107/10/31,"59,933,201","13,844,478,353",228.00,234.00,228.00,234.00
0,107/11/01,"44,514,797","10,480,329,245",236.00,237.00,233.00,235.50
1,107/11/02,"30,785,361","7,249,667,833",236.50,236.50,233.50,236.50
2,107/11/05,"28,157,065","6,592,130,635",233.00,235.50,232.00,235.00
3,107/11/06,"35,501,176","8,311,988,968",234.00,235.50,232.50,234.50
4,107/11/07,"39,842,652","9,337,023,278",233.00,236.00,232.50,234.00
5,107/11/08,"28,086,146","6,645,771,069",237.50,237.50,236.00,236.50
6,107/11/09,"23,792,081","5,526,997,792",234.50,234.50,231.00,231.00
7,107/11/12,"26,202,445","6,101,377,163",230.00,234.50,230.00,231.50
8,107/11/13,"37,565,127","8,504,691,960",224.50,228.00,224.50,227.50
9,107/11/14,"24,565,279","5,639,284,241",230.00,231.00,228.50,228.50
10,107/11/15,"22,230,228","5,124,189,444",229.50,232.00,228.50,231.00
11,107/11/16,"47,138,909","10,696,822,542",229.00,229.00,225.00,226.00
12,107/11/19,"51,034,754","11,355,347,628",225.00,225.00,221.00,222.00
13,107/11/20,"45,686,756","9,995,960,780",219.00,220.50,218.00,218.00
14,107/11/21,"38,478,343","8,361,178,460",214.50,220.00,214.00,219.00
15,107/11/22,"22,060,610","4,867,686,945",221.50,222.00,219.00,219.00
16,107/11/23,"15,553,334","3,406,422,046",220.50,220.50,217.00,218.50
17,107/11/26,"35,267,804","7,847,501,792",219.00,224.00,218.50,223.00
18,107/11/27,"32,676,349","7,239,283,641",220.00,224.50,219.00,224.00
19,107/11/28,"24,759,026","5,560,623,349",222.50,227.00,222.00,226.50
20,107/11/29,"46,206,207","10,629,450,003",231.50,231.50,229.00,229.00
21,107/11/30,"57,352,957","12,995,823,319",229.50,231.00,225.50,225.50
0,107/12/03,"49,612,186","11,579,966,474",231.00,235.00,231.00,235.00
1,107/12/04,"41,947,162","9,791,147,799",233.00,234.50,231.00,234.00
2,107/12/05,"45,634,576","10,316,394,736",226.50,227.50,225.00,226.00
3,107/12/06,"40,181,112","8,853,295,746",220.00,222.00,219.50,220.00
4,107/12/07,"31,997,568","7,097,739,916",222.50,223.50,220.50,221.00
5,107/12/10,"26,229,461","5,744,814,170",219.50,220.00,218.50,219.00
6,107/12/11,"27,395,220","6,067,551,383",220.00,223.00,219.00,222.50
7,107/12/12,"32,926,379","7,418,108,779",223.50,227.00,222.50,226.50
8,107/12/13,"32,433,141","7,345,479,366",227.00,227.50,225.00,226.00
9,107/12/14,"43,226,159","9,570,070,114",223.00,223.50,220.50,222.50
10,107/12/17,"18,964,952","4,229,977,248",221.00,225.00,220.00,223.50
11,107/12/18,"30,270,541","6,713,448,829",221.00,223.00,220.50,222.50
12,107/12/19,"23,415,082","5,255,393,450",222.00,225.50,222.00,225.50
13,107/12/20,"38,697,116","8,573,665,030",221.00,222.50,221.00,221.00
14,107/12/21,"46,947,532","10,401,202,852",219.00,224.00,219.00,223.50
15,107/12/22,"5,185,247","1,145,814,834",220.00,221.50,220.00,221.50
16,107/12/24,"23,376,100","5,151,549,100",221.50,221.50,219.50,220.00
17,107/12/25,"19,402,777","4,198,767,163",215.50,218.00,215.00,217.50
18,107/12/26,"16,893,259","3,678,108,462",218.50,219.50,216.00,216.50
19,107/12/27,"21,915,484","4,874,845,852",222.00,224.00,220.50,223.00
20,107/12/28,"30,156,773","6,762,447,425",223.50,225.50,222.50,225.50
0,108/01/02,"32,900,482","7,276,419,230",226.50,226.50,219.00,219.50
1,108/01/03,"34,615,620","7,459,051,790",214.00,218.00,214.00,215.50
2,108/01/04,"67,043,521","13,987,136,785",211.50,211.50,206.50,208.00
3,108/01/07,"35,695,176","7,591,116,569",212.00,214.00,211.00,213.00
4,108/01/08,"23,794,481","5,019,703,557",212.00,212.50,210.00,211.00
5,108/01/09,"51,255,446","11,006,827,093",212.00,216.50,211.00,215.50
6,108/01/10,"20,832,593","4,491,377,349",216.00,216.50,214.50,216.00
7,108/01/11,"28,658,288","6,296,719,320",219.00,220.50,218.00,220.50
8,108/01/14,"17,612,296","3,844,735,324",218.50,220.00,217.00,218.50
9,108/01/15,"42,990,923","9,399,209,983",216.50,221.00,215.50,221.00
10,108/01/16,"30,038,282","6,563,789,758",218.50,220.00,217.50,217.50
11,108/01/17,"21,163,986","4,646,131,841",218.00,221.00,218.00,220.50
12,108/01/18,"52,677,569","11,530,053,787",219.00,220.00,217.50,218.50
13,108/01/21,"32,515,866","7,208,829,658",220.00,223.00,220.00,221.00
14,108/01/22,"30,958,483","6,854,867,566",220.00,223.00,219.00,223.00
15,108/01/23,"18,671,213","4,121,110,926",221.50,222.00,220.00,220.50
16,108/01/24,"31,348,924","6,958,753,608",222.50,222.50,220.50,222.50
17,108/01/25,"48,039,764","10,870,045,150",226.50,227.00,225.00,226.00
18,108/01/28,"29,134,257","6,665,379,096",229.50,229.50,228.00,229.00
19,108/01/29,"42,566,520","9,486,156,460",222.50,225.00,222.00,222.50
20,108/01/30,"51,889,945","11,453,957,730",220.50,221.50,220.00,221.00
0,108/02/11,"81,360,106","18,546,167,132",228.00,229.00,226.50,228.00
1,108/02/12,"30,125,670","6,921,488,930",230.00,230.00,229.00,230.00
2,108/02/13,"28,634,925","6,575,201,825",232.00,232.00,228.50,229.00
3,108/02/14,"23,647,751","5,392,943,977",229.50,230.00,226.00,227.00
4,108/02/15,"22,369,799","5,093,773,373",229.00,229.00,226.50,227.00
5,108/02/18,"18,163,916","4,169,729,625",229.00,230.50,228.50,230.00
6,108/02/19,"18,423,023","4,228,108,427",230.00,230.50,229.00,229.00
7,108/02/20,"31,887,710","7,430,197,670",231.50,234.50,231.00,234.50
8,108/02/21,"34,013,489","8,013,908,284",235.50,236.50,234.50,236.50
9,108/02/22,"22,032,163","5,187,054,985",235.50,236.50,234.00,236.50
10,108/02/25,"25,227,138","5,995,746,054",237.50,239.00,236.00,238.00
11,108/02/26,"24,586,789","5,864,298,571",239.00,240.00,236.50,239.50
12,108/02/27,"37,947,889","9,052,540,803",238.50,239.50,237.00,239.00
0,108/03/04,"45,164,513","10,691,130,829",239.50,239.50,234.50,235.50
1,108/03/05,"23,708,407","5,533,050,748",234.00,234.50,232.50,233.00
2,108/03/06,"20,811,226","4,872,352,124",235.00,235.50,233.50,234.00
3,108/03/07,"17,226,192","4,029,782,428",235.00,235.00,233.00,234.00
4,108/03/08,"22,535,659","5,183,171,608",231.00,231.50,229.00,230.00
5,108/03/11,"34,282,793","7,835,079,913",228.00,230.50,227.50,230.50
6,108/03/12,"23,839,972","5,601,351,324",233.00,237.00,232.50,235.50
7,108/03/13,"22,493,195","5,308,051,755",234.00,237.00,234.00,237.00
8,108/03/14,"17,281,356","4,077,045,380",239.00,239.00,234.00,234.50
9,108/03/15,"34,542,729","8,231,572,752",237.00,239.50,235.50,239.00
10,108/03/18,"27,040,532","6,493,129,050",239.50,241.00,239.00,241.00
11,108/03/19,"14,620,009","3,496,720,720",239.00,240.50,238.00,240.50
12,108/03/20,"23,055,971","5,563,557,011",242.00,242.00,239.50,242.00
13,108/03/21,"27,514,502","6,710,510,004",242.50,245.50,241.00,245.50
14,108/03/22,"22,996,467","5,680,726,299",248.00,248.50,244.50,248.50
15,108/03/25,"19,273,254","4,662,705,968",240.50,243.50,240.50,241.50
16,108/03/26,"21,053,170","5,109,273,236",243.00,244.00,241.00,244.00
17,108/03/27,"23,622,089","5,703,467,700",242.00,242.50,240.50,241.50
18,108/03/28,"13,998,054","3,379,510,718",240.50,242.50,240.00,242.00
19,108/03/29,"31,024,810","7,568,601,014",243.00,245.50,240.50,245.50
0,108/04/01,"35,330,656","8,758,161,220",251.00,251.00,245.00,245.50
1,108/04/02,"25,189,053","6,226,523,038",249.50,249.50,246.00,246.00
2,108/04/03,"28,581,323","7,075,597,562",249.00,249.00,246.50,246.50
3,108/04/08,"46,426,821","11,682,512,762",251.00,253.00,250.50,253.00
4,108/04/09,"22,745,674","5,760,337,782",253.00,254.00,252.00,254.00
5,108/04/10,"33,174,934","8,403,528,302",253.00,254.50,252.00,254.00
6,108/04/11,"25,146,840","6,347,861,680",253.00,254.00,251.50,252.00
7,108/04/12,"13,888,148","3,496,444,666",251.50,253.00,251.00,252.00
8,108/04/15,"17,257,002","4,403,988,510",255.00,256.00,254.00,255.50
9,108/04/16,"20,231,648","5,185,697,928",257.00,257.00,255.50,257.00
10,108/04/17,"39,037,191","10,202,504,410",260.00,263.00,259.50,261.50
11,108/04/18,"48,525,490","12,836,006,732",264.00,266.00,263.50,264.50
12,108/04/19,"47,698,699","12,712,409,558",269.00,269.50,263.50,264.50
13,108/04/22,"24,967,393","6,635,995,145",266.50,267.50,265.00,266.00
14,108/04/23,"26,251,847","7,017,363,629",266.50,268.00,266.00,268.00
15,108/04/24,"37,386,755","10,044,241,090",270.00,270.00,267.50,269.00
16,108/04/25,"36,572,455","9,800,038,536",268.50,269.00,267.00,267.50
17,108/04/26,"51,743,804","13,459,329,059",262.00,263.00,257.50,260.00
18,108/04/29,"32,651,618","8,477,117,257",260.00,262.00,258.50,259.50
19,108/04/30,"40,446,419","10,484,399,861",260.00,260.50,258.00,259.00
0,108/05/02,"27,376,394","7,122,135,656",261.50,262.50,258.50,259.00
1,108/05/03,"30,200,246","7,940,572,444",262.00,265.00,260.50,265.00
2,108/05/06,"33,688,187","8,717,053,470",260.00,260.00,258.00,259.00
3,108/05/07,"25,686,126","6,719,199,455",259.50,263.00,259.00,262.50
4,108/05/08,"25,902,364","6,750,083,504",260.00,261.50,259.50,260.00
5,108/05/09,"34,166,574","8,798,140,796",259.50,259.50,256.00,256.50
6,108/05/10,"18,868,212","4,844,594,484",257.00,259.00,255.00,256.00
7,108/05/13,"29,317,535","7,374,249,589",253.00,254.00,249.50,250.50
8,108/05/14,"45,620,708","11,345,067,455",247.50,251.00,245.00,248.50
9,108/05/15,"37,223,479","9,327,051,888",251.00,252.00,249.00,249.00
10,108/05/16,"30,331,519","7,520,908,612",248.50,249.50,246.00,247.00
11,108/05/17,"40,006,856","9,775,372,898",249.00,249.00,241.50,241.50
12,108/05/20,"47,097,661","11,303,513,908",242.50,243.00,238.00,238.00
13,108/05/21,"82,872,775","19,418,705,158",233.50,236.00,232.50,234.00
14,108/05/22,"36,289,034","8,669,172,710",236.50,240.50,235.50,238.00
15,108/05/23,"62,258,627","14,379,543,985",233.50,233.50,230.00,230.00
16,108/05/24,"38,226,789","8,866,253,632",230.00,234.00,230.00,233.00
17,108/05/27,"37,447,033","8,697,538,216",234.00,235.00,231.00,231.00
18,108/05/28,"99,322,033","22,910,765,567",232.00,232.00,230.50,230.50
19,108/05/29,"32,260,236","7,385,029,780",228.00,230.50,227.00,229.50
20,108/05/30,"40,375,328","9,292,745,636",230.00,231.50,229.00,231.00
21,108/05/31,"49,163,217","11,559,578,381",232.00,237.50,231.00,235.50
0,108/06/03,"36,687,092","8,651,389,851",235.50,238.50,232.00,238.00
1,108/06/04,"24,443,428","5,745,045,809",237.50,238.00,233.00,233.00
2,108/06/05,"35,901,584","8,461,930,934",238.00,238.00,234.00,235.00
3,108/06/06,"34,651,731","8,008,768,323",231.50,232.00,229.50,232.00
4,108/06/10,"35,521,888","8,442,986,620",237.50,240.00,234.50,240.00
5,108/06/11,"34,691,670","8,448,805,962",240.00,246.00,239.00,244.50
6,108/06/12,"30,409,556","7,469,805,086",244.50,247.50,243.00,246.00
7,108/06/13,"33,731,724","8,136,137,708",242.50,244.00,240.00,240.00
8,108/06/14,"35,403,556","8,396,819,832",238.50,239.50,236.00,236.00
9,108/06/17,"51,692,012","12,043,369,475",231.50,235.00,230.50,233.00
10,108/06/18,"28,798,087","6,758,454,612",234.00,235.50,233.00,235.50
11,108/06/19,"50,234,372","12,181,979,568",242.50,244.00,240.50,244.00
12,108/06/20,"39,717,291","9,697,726,719",242.00,245.50,241.00,245.00
13,108/06/21,"62,136,304","15,398,139,830",248.00,248.50,246.00,248.50
14,108/06/24,"43,460,507","10,476,936,660",241.00,242.00,240.00,241.00
15,108/06/25,"29,735,283","7,118,002,390",241.00,241.50,237.00,238.50
16,108/06/26,"28,770,041","6,757,991,717",235.00,236.50,234.00,234.50
17,108/06/27,"42,007,834","10,063,332,494",236.00,241.50,236.00,240.50
18,108/06/28,"28,085,212","6,715,488,371",241.50,241.50,238.00,239.00
0,108/07/01,"66,370,875","16,445,222,750",245.50,250.00,245.00,248.50
1,108/07/02,"26,832,202","6,671,951,743",249.50,250.00,247.50,249.00
2,108/07/03,"29,549,774","7,190,777,082",244.00,245.00,242.00,242.50
3,108/07/04,"18,691,240","4,561,556,160",244.50,245.00,242.50,244.00
4,108/07/05,"27,317,074","6,624,379,927",244.50,245.00,241.50,243.00
5,108/07/08,"29,190,909","7,057,462,187",240.00,244.50,240.00,242.50
6,108/07/09,"16,538,987","3,998,096,596",241.50,243.00,240.50,242.00
7,108/07/10,"23,812,131","5,839,691,357",243.00,247.00,243.00,247.00
8,108/07/11,"31,296,289","7,809,358,257",250.00,250.00,247.50,250.00
9,108/07/12,"23,868,432","5,984,689,000",252.00,252.00,249.50,250.50
10,108/07/15,"34,264,300","8,663,129,910",251.00,254.50,249.50,254.50
11,108/07/16,"26,141,249","6,678,755,679",254.00,256.50,253.50,256.00
12,108/07/17,"34,346,648","8,686,815,824",254.00,254.00,251.00,252.00
13,108/07/18,"20,908,575","5,300,082,470",252.00,254.50,251.50,254.00
14,108/07/19,"59,879,798","15,573,278,932",259.50,261.00,259.00,259.00
15,108/07/22,"31,863,639","8,385,222,407",263.00,264.00,262.00,264.00
16,108/07/23,"29,273,223","7,734,089,131",265.50,266.50,262.50,264.00
17,108/07/24,"24,511,039","6,484,708,226",266.50,266.50,263.00,265.00
18,108/07/25,"30,698,545","8,091,922,380",264.00,265.00,261.50,265.00
19,108/07/26,"20,768,071","5,434,082,968",261.00,262.50,261.00,261.00
20,108/07/29,"18,473,320","4,822,762,518",260.00,262.00,259.50,261.00
21,108/07/30,"22,895,612","5,975,389,270",262.50,263.00,260.00,260.00
22,108/07/31,"36,365,601","9,413,416,604",260.00,260.00,257.00,259.50
0,108/08/01,"30,107,526","7,722,031,382",257.50,257.50,255.50,256.50
1,108/08/02,"54,165,644","13,627,068,452",252.00,253.50,250.50,251.50
2,108/08/05,"52,835,721","13,092,403,583",251.00,252.00,245.50,246.50
3,108/08/06,"58,916,879","14,440,787,992",240.00,250.00,240.00,248.50
4,108/08/07,"29,435,460","7,305,272,500",250.00,250.50,246.50,248.00
5,108/08/08,"30,140,266","7,599,200,564",248.00,254.00,248.00,253.50
6,108/08/12,"24,732,603","6,242,935,989",254.50,254.50,251.00,251.00
7,108/08/13,"25,045,107","6,204,239,476",249.00,249.50,246.50,246.50
8,108/08/14,"36,336,703","9,142,333,535",252.50,254.00,249.50,249.50
9,108/08/15,"28,277,412","6,994,442,633",247.00,248.50,246.00,248.00
10,108/08/16,"25,696,715","6,420,744,887",249.50,252.00,248.00,250.00
11,108/08/19,"25,098,514","6,326,683,127",251.50,253.00,250.50,252.00
12,108/08/20,"20,620,494","5,233,263,533",254.00,254.50,252.50,254.50
13,108/08/21,"20,269,296","5,152,545,480",254.50,255.00,253.00,254.50
14,108/08/22,"22,136,840","5,659,296,700",257.00,257.50,254.00,254.00
15,108/08/23,"14,772,877","3,748,071,178",253.50,254.50,253.00,254.00
16,108/08/26,"31,740,620","7,910,873,500",249.00,250.50,248.50,248.50
17,108/08/27,"53,664,951","13,410,582,151",250.50,251.00,248.50,250.00
18,108/08/28,"15,280,882","3,852,096,070",250.50,253.00,250.50,252.00
19,108/08/29,"20,085,767","5,078,703,588",253.00,254.00,251.00,254.00
20,108/08/30,"35,299,201","9,092,482,858",256.50,259.00,256.00,259.00
0,108/09/02,"14,776,854","3,800,453,292",258.00,258.00,256.00,257.50
1,108/09/03,"26,086,495","6,642,868,555",256.50,258.00,253.00,254.00
2,108/09/04,"23,697,733","6,081,456,520",254.00,258.00,254.00,257.50
3,108/09/05,"49,041,728","12,869,665,251",263.00,263.00,260.50,263.00
4,108/09/06,"26,609,515","7,016,868,801",265.00,265.00,263.00,263.50
5,108/09/09,"17,317,833","4,585,545,966",265.50,266.00,263.50,265.00
6,108/09/10,"30,019,866","7,862,297,242",263.50,264.00,260.50,261.50
7,108/09/11,"36,266,015","9,508,884,445",264.00,264.50,260.50,263.00
8,108/09/12,"38,792,293","10,198,483,555",265.00,265.00,261.50,262.50
9,108/09/16,"38,913,966","10,258,240,252",262.00,265.50,261.50,265.50
10,108/09/17,"30,069,844","7,979,032,930",266.50,266.50,264.50,265.00
11,108/09/18,"51,360,759","13,754,334,364",267.00,269.50,266.50,267.00
12,108/09/19,"27,165,567","7,216,457,755",268.00,268.00,264.00,265.00
13,108/09/20,"44,555,865","11,785,924,559",266.00,266.50,264.00,264.00
14,108/09/23,"14,220,208","3,749,146,092",264.00,264.00,263.00,264.00
15,108/09/24,"24,304,943","6,419,420,695",263.50,265.50,262.00,265.00
16,108/09/25,"23,244,163","6,144,037,875",262.50,266.00,262.00,266.00
17,108/09/26,"34,128,103","9,139,219,995",269.00,269.50,266.50,268.00
18,108/09/27,"44,242,817","12,021,629,536",271.50,272.50,271.00,272.00
0,108/10/01,"75,248,890","20,886,838,992",273.00,280.50,273.00,280.00
1,108/10/02,"30,572,953","8,553,297,334",280.00,281.00,279.00,279.50
2,108/10/03,"35,874,864","9,891,620,358",274.00,277.50,274.00,276.50
3,108/10/04,"35,814,613","9,924,872,301",279.50,280.00,275.00,276.50
4,108/10/07,"17,750,230","4,944,376,000",279.00,279.50,277.50,278.00
5,108/10/08,"39,868,551","11,341,522,526",283.50,286.50,282.50,286.50
6,108/10/09,"34,895,456","9,890,256,397",283.50,286.00,282.00,282.00
7,108/10/14,"53,403,517","15,508,059,122",291.50,291.50,288.50,290.00
8,108/10/15,"54,754,830","16,088,110,873",293.50,296.00,292.00,293.50
9,108/10/16,"42,917,144","12,670,374,493",298.00,298.00,293.50,296.50
10,108/10/17,"41,920,938","12,296,120,182",295.00,295.50,292.00,293.50
11,108/10/18,"45,460,984","13,299,843,176",293.00,295.50,291.00,293.00
12,108/10/21,"35,860,365","10,389,254,035",291.00,291.00,288.50,290.00
13,108/10/22,"26,525,020","7,767,636,380",292.50,294.00,291.50,294.00
14,108/10/23,"30,382,408","8,877,572,772",293.50,293.50,290.50,293.00
15,108/10/24,"29,040,827","8,488,069,650",294.50,294.50,291.00,293.00
16,108/10/25,"25,082,711","7,362,074,526",294.50,294.50,292.50,293.50
17,108/10/28,"20,216,561","5,958,714,595",295.00,295.50,294.00,294.50
18,108/10/29,"37,130,131","11,044,649,541",297.00,298.50,296.50,298.50
19,108/10/30,"32,370,342","9,646,551,600",298.50,299.50,296.50,299.50
20,108/10/31,"43,123,514","12,921,309,531",300.00,301.50,298.50,298.50
0,108/11/01,"30,216,678","8,998,151,212",299.50,299.50,296.50,299.00
1,108/11/04,"45,155,671","13,767,873,778",302.50,308.00,301.00,307.00
2,108/11/05,"32,253,184","9,965,563,625",307.50,310.50,307.00,310.50
3,108/11/06,"22,149,743","6,864,516,290",309.00,311.50,308.00,311.00
4,108/11/07,"28,453,659","8,769,417,841",310.00,310.00,306.50,309.00
5,108/11/08,"26,230,542","8,040,782,450",308.50,309.00,305.50,305.50
6,108/11/11,"35,285,583","10,660,082,266",305.00,305.00,300.00,301.00
7,108/11/12,"19,016,708","5,774,255,431",302.50,305.00,302.00,305.00
8,108/11/13,"18,422,438","5,583,245,970",303.00,304.00,301.50,304.00
9,108/11/14,"15,734,835","4,776,767,840",304.50,305.00,302.00,303.50
10,108/11/15,"29,038,445","8,891,701,115",305.50,307.50,304.50,307.00
11,108/11/18,"18,741,325","5,796,331,075",308.50,311.00,307.00,311.00
12,108/11/19,"33,096,197","10,365,611,120",312.50,315.00,311.00,315.00
13,108/11/20,"24,538,973","7,681,229,345",314.00,314.00,312.00,313.50
14,108/11/21,"30,163,833","9,329,845,096",309.50,311.00,307.00,311.00
15,108/11/22,"26,492,984","8,188,665,024",310.00,310.50,308.00,309.00
16,108/11/25,"19,855,177","6,133,713,443",310.50,310.50,307.00,307.00
17,108/11/26,"101,916,622","31,332,308,518",310.00,310.50,307.00,307.00
18,108/11/27,"18,527,648","5,732,316,828",307.50,311.50,307.50,311.00
19,108/11/28,"19,718,982","6,111,322,584",310.00,312.00,308.50,309.50
20,108/11/29,"32,423,561","9,922,872,967",309.00,309.50,305.00,305.00
0,108/12/02,"25,516,807","7,844,458,306",307.00,308.00,306.50,307.50
1,108/12/03,"27,686,319","8,472,595,177",305.00,307.00,305.00,307.00
2,108/12/04,"34,911,686","10,652,239,802",305.00,306.00,304.00,306.00
3,108/12/05,"39,349,842","12,240,671,524",309.00,312.00,309.00,312.00
4,108/12/06,"18,402,703","5,771,010,050",315.00,316.00,311.00,313.00
5,108/12/09,"23,556,081","7,433,484,496",314.00,316.50,314.00,316.00
6,108/12/10,"20,847,594","6,540,475,540",315.00,315.50,312.50,313.50
7,108/12/11,"34,329,148","10,866,410,212",314.00,319.00,313.00,319.00
8,108/12/12,"52,801,851","17,446,169,339",325.00,334.50,324.00,331.50
9,108/12/13,"60,843,939","20,697,194,061",340.00,343.00,338.00,339.00
10,108/12/16,"48,340,188","16,272,523,200",336.50,338.50,336.00,336.00
11,108/12/17,"41,428,458","14,153,896,438",335.00,345.00,335.00,345.00
12,108/12/18,"42,486,841","14,594,689,501",341.50,345.00,341.50,344.50
13,108/12/19,"55,667,012","18,774,880,620",340.00,342.00,335.00,335.00
14,108/12/20,"86,280,459","28,483,237,354",332.00,333.00,328.50,329.00
15,108/12/23,"26,911,340","8,923,609,754",329.50,334.00,329.50,334.00
16,108/12/24,"13,783,907","4,591,661,991",334.00,334.50,332.00,332.00
17,108/12/25,"12,262,954","4,075,131,136",332.00,334.50,331.00,333.00
18,108/12/26,"11,427,884","3,803,665,702",333.00,334.00,331.50,333.00
19,108/12/27,"16,677,806","5,624,251,712",335.00,338.00,335.00,338.00
20,108/12/30,"21,591,263","7,270,827,164",338.00,339.00,334.00,334.50
21,108/12/31,"22,950,517","7,614,538,961",331.00,333.50,331.00,331.00
0,109/01/02,"33,282,120","11,224,165,450",332.50,339.00,332.50,339.00
1,109/01/03,"42,023,268","14,295,651,580",344.00,345.00,335.50,339.50
2,109/01/06,"45,677,057","15,210,531,318",333.00,334.50,332.00,332.00
3,109/01/07,"51,746,181","17,053,282,011",332.50,333.00,326.50,329.50
4,109/01/08,"37,913,748","12,484,410,088",325.00,333.00,325.00,329.50
5,109/01/09,"32,397,504","10,890,847,940",335.00,337.50,333.50,337.50
6,109/01/10,"27,880,115","9,432,320,316",340.50,341.00,336.00,339.50
7,109/01/13,"30,663,332","10,455,852,739",342.00,342.00,339.00,341.50
8,109/01/14,"30,368,993","10,488,360,978",345.50,346.00,344.50,346.00
9,109/01/15,"54,575,274","18,590,754,206",345.00,345.00,337.50,340.00
10,109/01/16,"58,217,420","19,431,133,895",330.00,336.50,330.00,334.50
11,109/01/17,"53,908,097","17,977,119,406",334.00,335.50,332.00,333.00
12,109/01/20,"35,551,203","11,865,436,839",334.00,335.50,333.00,333.00
13,109/01/30,"126,820,049","40,734,449,874",326.00,326.00,316.50,316.50
14,109/01/31,"62,912,055","20,205,365,710",323.00,323.50,319.00,320.00
0,109/02/03,"59,711,849","18,782,694,826",315.00,316.50,312.00,315.00
1,109/02/04,"52,208,496","16,882,411,296",319.00,326.00,318.00,325.00
2,109/02/05,"36,601,453","11,985,817,083",329.00,329.50,324.50,327.50
3,109/02/06,"29,659,094","9,803,038,836",329.50,332.50,329.00,332.50
4,109/02/07,"30,055,327","9,869,903,253",330.00,330.50,326.00,328.00
5,109/02/10,"30,814,424","10,024,967,927",321.50,328.00,321.00,327.50
6,109/02/11,"29,062,935","9,629,938,182",330.50,332.50,330.00,331.50
7,109/02/12,"37,612,639","12,593,082,711",333.50,336.00,333.00,335.00
8,109/02/13,"23,217,021","7,805,299,096",338.00,338.00,335.00,335.00
9,109/02/14,"18,326,683","6,155,862,838",337.00,337.00,334.50,335.00
10,109/02/17,"16,145,079","5,354,339,726",331.50,333.00,330.50,331.50
11,109/02/18,"64,662,604","20,957,801,150",324.50,326.50,322.00,322.00
12,109/02/19,"48,856,218","15,881,609,046",322.50,327.00,322.00,326.50
13,109/02/20,"27,061,736","8,832,642,641",328.00,329.00,325.00,325.50
14,109/02/21,"22,974,534","7,463,007,621",325.50,326.50,323.00,325.00
15,109/02/24,"42,946,680","13,754,512,932",319.50,321.50,319.50,320.00
16,109/02/25,"38,674,011","12,425,785,349",320.00,323.50,317.50,322.00
17,109/02/26,"60,768,362","19,341,695,595",317.00,320.50,316.50,318.50
18,109/02/27,"62,401,927","19,756,146,876",319.00,320.00,315.00,316.00
0,109/03/02,"86,372,942","26,864,484,400",308.00,317.00,308.00,311.00
1,109/03/03,"55,169,411","17,534,766,696",318.50,320.00,316.00,317.50
2,109/03/04,"44,745,146","14,304,795,666",322.00,322.00,317.00,320.50
3,109/03/05,"38,223,525","12,392,618,100",325.00,326.00,323.00,323.00
4,109/03/06,"52,807,760","16,733,485,610",320.00,320.50,315.00,315.00
5,109/03/09,"88,633,277","27,236,002,054",307.50,310.00,305.50,305.50
6,109/03/10,"74,869,130","22,727,941,511",301.50,309.00,301.00,307.00
7,109/03/11,"64,923,710","19,913,151,529",309.00,310.50,302.00,302.00
8,109/03/12,"114,173,351","33,544,278,206",299.00,299.00,287.00,294.00
9,109/03/13,"151,268,148","42,448,997,546",275.00,294.00,272.50,290.00
10,109/03/16,"103,933,228","29,343,288,916",285.00,291.00,275.50,276.50
11,109/03/17,"122,409,651","32,936,712,540",265.00,276.50,265.00,268.00
12,109/03/18,"118,620,643","31,555,231,792",269.50,272.50,260.00,260.00
13,109/03/19,"160,811,697","39,559,889,553",252.00,253.00,235.50,248.00
14,109/03/20,"159,179,726","42,110,816,042",258.50,270.00,256.00,270.00
15,109/03/23,"76,963,709","19,851,467,203",257.00,262.50,252.00,255.00
16,109/03/24,"82,377,933","22,207,033,614",268.00,274.00,266.00,267.50
17,109/03/25,"80,514,199","22,368,633,590",276.50,280.00,274.00,277.00
18,109/03/26,"54,189,633","15,108,299,935",279.50,280.00,275.50,280.00
19,109/03/27,"69,320,306","19,324,060,590",284.00,286.00,273.00,273.00
20,109/03/30,"53,403,956","14,205,364,184",263.50,269.00,262.50,267.50
21,109/03/31,"53,901,923","14,712,557,472",273.00,274.00,269.50,274.00
0,109/04/01,"47,572,034","13,022,612,818",276.50,276.50,271.50,271.50
1,109/04/06,"59,712,754","16,324,198,154",273.00,275.50,270.00,275.50
2,109/04/07,"48,887,346","13,817,936,851",283.50,284.00,280.50,283.00
3,109/04/08,"38,698,826","11,016,972,354",285.00,285.50,283.00,285.00
4,109/04/09,"29,276,430","8,346,209,654",287.50,288.00,282.50,283.00
5,109/04/10,"28,206,858","7,894,277,586",280.00,282.00,279.00,279.50
6,109/04/13,"22,196,596","6,202,532,380",278.50,281.50,278.50,278.50
7,109/04/14,"50,196,688","14,268,689,661",281.00,285.50,280.00,285.00
8,109/04/15,"58,561,434","16,819,851,630",287.00,288.50,286.00,287.50
9,109/04/16,"48,257,280","13,813,721,932",283.00,288.50,283.00,286.50
10,109/04/17,"117,447,201","35,719,172,728",303.50,308.50,300.50,306.50
11,109/04/20,"44,586,860","13,605,802,989",308.00,309.00,302.50,304.00
12,109/04/21,"61,949,357","18,417,786,171",300.50,301.50,293.50,295.00
13,109/04/22,"43,568,580","12,746,170,556",294.50,295.00,290.50,294.00
14,109/04/23,"39,977,278","11,864,085,990",300.00,300.00,294.00,295.50
15,109/04/24,"26,465,090","7,799,075,756",295.50,297.00,294.00,294.00
16,109/04/27,"38,493,406","11,461,378,300",298.00,298.50,296.00,298.00
17,109/04/28,"37,621,165","11,134,919,970",298.50,298.50,294.50,296.50
18,109/04/29,"46,253,301","13,861,245,296",299.00,301.50,298.00,299.00
19,109/04/30,"58,439,085","17,753,466,901",302.00,305.00,301.50,304.50
0,109/05/04,"72,252,861","21,341,931,218",294.50,296.50,294.00,295.00
1,109/05/05,"23,988,405","7,104,774,785",296.50,298.00,295.00,295.50
2,109/05/06,"35,704,479","10,524,838,077",294.50,296.00,292.50,296.00
3,109/05/07,"28,017,198","8,321,170,642",294.50,299.00,294.50,297.50
4,109/05/08,"35,613,893","10,619,091,212",300.00,300.00,296.00,297.50
5,109/05/11,"32,379,019","9,729,431,840",300.00,301.50,298.50,301.00
6,109/05/12,"52,494,788","15,553,012,596",297.50,298.50,295.00,295.00
7,109/05/13,"46,158,418","13,619,538,824",293.00,297.00,292.50,297.00
8,109/05/14,"34,480,948","10,119,787,160",293.00,295.00,292.50,293.00
9,109/05/15,"44,304,804","13,170,466,660",297.50,298.50,294.50,298.00
10,109/05/18,"96,872,065","28,216,346,996",291.00,293.50,290.00,290.00
11,109/05/19,"53,083,214","15,527,338,138",294.00,294.00,291.50,291.50
12,109/05/20,"36,789,994","10,772,280,152",293.00,294.00,291.00,294.00
13,109/05/21,"36,299,468","10,782,482,962",296.00,298.00,295.00,297.50
14,109/05/22,"41,138,923","12,025,339,565",294.50,295.00,291.00,292.00
15,109/05/25,"32,942,223","9,568,008,388",290.50,293.00,288.50,292.00
16,109/05/26,"35,817,481","10,609,868,646",295.00,297.50,293.50,295.50
17,109/05/27,"23,375,959","6,932,934,823",297.00,298.00,295.50,296.50
18,109/05/28,"32,395,568","9,575,118,830",298.50,298.50,293.00,294.00
19,109/05/29,"96,611,181","28,172,174,547",292.00,292.50,290.00,292.00
0,109/06/01,"37,936,214","11,205,227,094",294.00,296.50,293.50,295.50
1,109/06/02,"26,663,587","7,908,476,089",296.00,297.50,296.00,296.50
2,109/06/03,"67,894,337","20,354,971,677",300.00,301.00,298.00,301.00
3,109/06/04,"47,225,322","14,414,983,532",305.00,306.00,304.00,306.00
4,109/06/05,"44,077,262","13,655,618,646",308.50,312.00,308.00,311.50
5,109/06/08,"52,042,921","16,500,836,851",316.00,319.00,315.00,318.00
6,109/06/09,"37,068,082","11,746,874,522",316.50,319.00,314.00,319.00
7,109/06/10,"42,207,259","13,566,733,306",319.00,324.00,318.00,322.50
8,109/06/11,"50,612,255","16,340,456,218",325.50,327.00,318.50,320.50
9,109/06/12,"46,970,918","14,811,252,573",313.00,317.50,312.50,316.00
10,109/06/15,"51,032,404","15,955,585,136",316.00,317.50,308.50,309.50
11,109/06/16,"40,725,216","12,823,172,756",317.00,317.00,314.00,315.00
12,109/06/17,"34,692,968","10,922,017,056",316.50,317.00,313.50,315.00
13,109/06/18,"35,443,474","11,123,108,346",314.50,315.00,313.00,314.50
14,109/06/19,"48,130,280","15,102,300,186",314.00,314.50,312.00,314.50
15,109/06/22,"37,374,616","11,722,688,924",314.50,316.50,312.00,312.00
16,109/06/23,"41,300,084","12,981,121,544",316.00,316.50,312.50,315.00
17,109/06/24,"55,464,024","17,641,164,202",319.00,320.00,316.00,317.50
18,109/06/29,"56,672,892","17,695,228,688",314.00,315.00,310.00,312.00
19,109/06/30,"49,241,860","15,386,428,040",313.50,314.00,311.00,313.00
0,109/07/01,"29,685,342","9,400,765,756",315.00,318.00,314.00,317.50
1,109/07/02,"37,789,178","12,119,073,560",319.00,322.00,318.00,322.00
2,109/07/03,"55,656,987","18,280,314,743",327.00,330.50,326.50,329.50
3,109/07/06,"57,256,220","19,200,718,243",332.50,338.00,332.00,338.00
4,109/07/07,"59,046,323","20,143,258,406",343.50,346.00,338.00,338.50
5,109/07/08,"33,813,218","11,522,915,649",337.50,342.50,337.50,341.00
6,109/07/09,"37,410,376","12,912,747,970",346.00,347.00,343.00,345.00
7,109/07/10,"60,902,108","21,298,923,681",352.50,353.00,345.50,348.50
8,109/07/13,"49,459,523","17,425,372,488",351.00,354.50,350.50,354.50
9,109/07/14,"63,030,150","22,602,878,292",355.00,364.00,354.50,363.50
10,109/07/15,"75,105,362","27,486,789,803",366.00,370.00,361.00,363.00
11,109/07/16,"68,582,512","24,506,038,172",359.00,361.00,353.50,357.50
12,109/07/17,"66,403,485","24,244,495,853",361.00,369.00,360.00,367.00
13,109/07/20,"44,940,238","16,487,970,674",370.00,370.00,362.50,366.00
14,109/07/21,"64,440,128","24,491,627,162",372.50,387.00,371.50,383.00
15,109/07/22,"43,959,670","16,844,625,030",381.00,386.00,379.00,384.00
16,109/07/23,"45,397,282","17,302,637,512",382.00,383.00,379.00,381.50
17,109/07/24,"90,988,734","35,368,857,726",390.00,395.00,382.00,386.00
18,109/07/27,"103,315,640","43,637,877,952",420.50,424.50,416.50,424.50
19,109/07/28,"172,157,746","77,804,668,620",464.00,466.50,428.50,435.00
20,109/07/29,"88,641,166","37,649,278,004",428.00,431.50,419.50,422.00
21,109/07/30,"69,936,949","30,329,225,735",436.50,441.00,428.50,434.00
22,109/07/31,"50,484,674","21,567,922,126",426.00,432.00,425.50,425.50
0,109/08/03,"77,288,571","32,339,719,000",420.50,424.00,415.00,416.00
1,109/08/04,"41,697,445","17,600,499,460",421.50,425.50,418.50,425.50
2,109/08/05,"47,460,834","20,356,413,204",430.50,433.50,426.00,429.00
3,109/08/06,"43,443,627","18,877,761,758",437.50,438.00,431.00,435.00
4,109/08/07,"37,611,388","16,218,241,255",433.50,434.00,428.00,433.00
5,109/08/10,"36,067,500","15,674,843,876",427.50,437.50,427.50,435.50
6,109/08/11,"34,545,313","14,918,017,903",432.00,435.00,429.00,429.00
7,109/08/12,"53,980,474","22,721,731,886",422.00,423.50,419.00,419.00
8,109/08/13,"45,669,335","19,514,322,038",428.00,429.00,424.50,429.00
9,109/08/14,"24,259,947","10,332,447,763",424.00,428.00,423.00,427.00
10,109/08/17,"34,607,731","14,930,831,216",427.00,435.00,425.50,435.00
11,109/08/18,"45,504,160","19,824,413,320",440.00,440.50,432.00,433.00
12,109/08/19,"31,486,800","13,574,970,200",436.00,436.50,427.50,427.50
13,109/08/20,"75,155,235","31,353,886,930",427.00,427.50,401.00,415.00
14,109/08/21,"41,956,467","17,770,610,338",421.50,427.00,420.00,424.50
15,109/08/24,"49,199,406","21,139,093,710",427.50,434.50,425.00,428.00
16,109/08/25,"37,024,899","16,076,146,369",433.50,436.00,430.50,434.50
17,109/08/26,"41,406,340","18,169,230,108",435.50,442.00,435.00,442.00
18,109/08/27,"57,206,712","25,658,355,402",448.00,453.50,444.00,444.00
19,109/08/28,"57,039,210","24,868,453,700",440.00,440.50,431.00,435.00
20,109/08/31,"88,569,538","38,106,113,563",437.00,439.50,426.50,426.50
0,109/09/01,"50,129,577","21,681,382,412",430.00,435.00,428.00,435.00
1,109/09/02,"42,013,407","18,268,716,092",441.00,441.00,430.50,433.00
2,109/09/03,"40,683,617","17,768,951,582",439.50,439.50,433.50,436.00
3,109/09/04,"51,349,911","22,051,596,821",427.00,432.50,427.00,429.00
4,109/09/07,"39,854,584","17,060,627,028",428.00,432.50,425.00,426.00
5,109/09/08,"23,714,670","10,208,232,440",428.00,433.00,427.50,431.00
6,109/09/09,"40,727,362","17,312,991,408",425.00,428.00,423.00,427.00
7,109/09/10,"35,281,921","15,275,112,115",432.50,435.00,430.50,435.00
8,109/09/11,"34,893,469","15,171,902,036",435.50,436.50,432.50,436.50
9,109/09/14,"39,325,833","17,282,659,859",436.00,442.00,435.50,441.00
10,109/09/15,"39,661,449","17,608,049,536",440.50,447.00,439.50,445.00
11,109/09/16,"70,608,238","32,379,722,344",460.00,462.00,455.50,458.00
12,109/09/17,"44,420,506","20,006,793,320",453.00,455.00,446.50,448.50
13,109/09/18,"52,999,922","23,598,268,654",447.00,449.50,443.00,444.00
14,109/09/21,"40,193,920","17,842,486,882",443.50,450.00,440.00,440.00
15,109/09/22,"36,842,639","16,140,184,501",440.00,441.00,436.00,437.00
16,109/09/23,"47,426,963","20,592,831,368",436.00,438.50,432.00,433.50
17,109/09/24,"82,510,381","35,076,048,246",425.50,429.00,423.00,423.00
18,109/09/25,"41,263,269","17,522,224,043",427.00,428.00,421.00,424.00
19,109/09/28,"34,427,479","14,758,341,446",427.00,431.50,424.50,431.50
20,109/09/29,"42,730,502","18,419,905,574",432.50,435.00,428.00,431.00
21,109/09/30,"28,859,204","12,496,613,056",430.50,435.00,430.50,433.00
0,109/10/05,"33,238,832","14,450,407,588",438.00,438.00,431.50,432.50
1,109/10/06,"36,276,395","15,935,558,262",441.50,442.00,437.50,439.50
2,109/10/07,"44,691,239","19,693,987,093",435.00,445.00,435.00,443.00
3,109/10/08,"60,853,811","27,461,867,933",450.00,454.00,448.50,453.00
4,109/10/12,"67,645,223","31,061,721,030",458.00,462.00,457.50,460.00
5,109/10/13,"46,303,738","21,346,346,714",465.00,465.00,456.50,462.00
6,109/10/14,"52,677,241","24,157,138,176",460.50,461.00,457.00,459.00
7,109/10/15,"49,987,278","22,668,836,399",456.00,456.50,450.00,453.00
8,109/10/16,"48,274,801","21,775,749,575",451.00,456.00,448.50,449.00
9,109/10/19,"34,846,906","15,854,021,670",453.00,457.50,451.00,457.50
10,109/10/20,"26,567,638","12,065,806,730",455.50,457.00,451.00,451.00
11,109/10/21,"29,906,921","13,561,798,906",453.50,456.00,451.00,453.00
12,109/10/22,"25,285,547","11,435,937,453",450.00,455.00,449.50,455.00
13,109/10/23,"18,777,385","8,516,604,326",458.00,458.00,451.50,452.00
14,109/10/26,"15,800,622","7,136,001,014",455.00,455.00,450.00,450.00
15,109/10/27,"31,795,010","14,213,282,507",447.50,448.50,445.50,447.00
16,109/10/28,"26,221,663","11,660,544,725",445.00,447.00,443.00,444.00
17,109/10/29,"43,075,387","18,832,675,652",436.50,439.50,435.50,437.00
18,109/10/30,"49,770,771","21,614,729,093",437.00,437.00,432.00,432.00
0,109/11/02,"34,539,576","14,901,775,161",433.00,435.50,428.00,435.50
1,109/11/03,"31,461,727","13,852,498,196",439.50,443.00,438.00,441.00
2,109/11/04,"37,929,652","16,969,841,989",444.50,451.50,443.00,450.00
3,109/11/05,"36,539,446","16,404,944,484",451.50,451.50,445.50,451.00
4,109/11/06,"32,644,190","14,788,989,058",455.00,455.50,450.00,452.50
5,109/11/09,"43,415,670","19,865,414,906",458.00,460.00,454.00,458.50
6,109/11/10,"36,786,882","16,610,287,996",452.00,454.50,448.50,451.00
7,109/11/11,"40,355,804","18,326,545,251",448.50,457.00,448.50,457.00
8,109/11/12,"57,993,774","26,690,353,577",463.00,463.50,457.50,458.00
9,109/11/13,"31,483,881","14,478,873,331",459.00,462.00,456.50,462.00
10,109/11/16,"83,380,911","39,658,459,663",470.00,484.50,469.00,484.00
11,109/11/17,"75,763,870","37,446,278,783",502.00,506.00,485.50,485.50
12,109/11/18,"56,607,501","27,883,387,314",490.00,497.00,486.50,497.00
13,109/11/19,"47,345,316","23,320,435,165",499.00,499.00,490.00,490.00
14,109/11/20,"35,242,579","17,191,897,556",486.00,490.00,486.00,488.00
15,109/11/23,"43,708,352","21,661,263,304",494.50,498.50,492.00,496.50
16,109/11/24,"38,630,079","19,113,408,398",499.50,500.00,491.50,492.00
17,109/11/25,"47,179,640","23,142,083,458",495.00,495.50,487.00,487.00
18,109/11/26,"31,844,322","15,606,951,086",489.00,493.50,488.00,489.00
19,109/11/27,"35,196,829","17,205,872,680",487.50,492.00,486.50,489.00
20,109/11/30,"149,311,778","72,095,050,187",493.00,493.50,480.50,480.50
0,109/12/01,"38,341,265","18,719,729,411",489.50,490.00,483.50,490.00
1,109/12/02,"60,208,035","29,970,556,095",499.50,500.00,493.50,499.00
2,109/12/03,"36,919,644","18,369,786,608",499.50,499.50,495.00,497.00
3,109/12/04,"54,471,042","27,307,472,890",498.50,505.00,497.50,503.00
4,109/12/07,"45,493,551","23,243,392,840",512.00,515.00,506.00,514.00
5,109/12/08,"41,830,257","21,673,267,551",514.00,525.00,509.00,524.00
6,109/12/09,"46,831,705","24,416,275,048",521.00,524.00,520.00,520.00
7,109/12/10,"43,991,133","22,516,917,355",511.00,515.00,510.00,512.00
8,109/12/11,"51,296,611","26,259,941,709",517.00,517.00,505.00,516.00
9,109/12/14,"30,809,747","15,703,026,732",512.00,513.00,508.00,508.00
10,109/12/15,"43,059,899","21,780,400,998",507.00,510.00,504.00,504.00
11,109/12/16,"53,661,282","27,504,184,031",509.00,515.00,507.00,512.00
12,109/12/17,"39,285,785","20,052,530,030",515.00,515.00,508.00,508.00
13,109/12/18,"40,625,502","20,690,792,789",508.00,512.00,507.00,510.00
14,109/12/21,"35,153,138","18,033,402,498",512.00,517.00,508.00,516.00
15,109/12/22,"25,632,245","13,125,205,685",512.00,516.00,509.00,509.00
16,109/12/23,"18,320,849","9,321,219,765",508.00,511.00,506.00,509.00
17,109/12/24,"15,218,008","7,759,366,699",511.00,512.00,508.00,510.00
18,109/12/25,"12,581,145","6,449,612,552",514.00,515.00,510.00,511.00
19,109/12/28,"19,520,886","10,023,145,125",512.00,515.00,509.00,515.00
20,109/12/29,"20,226,736","10,409,159,045",515.00,517.00,513.00,515.00
21,109/12/30,"46,705,107","24,306,881,615",516.00,525.00,514.00,525.00
22,109/12/31,"31,173,332","16,437,646,054",526.00,530.00,524.00,530.00
0,110/01/04,"39,489,959","21,127,581,248",530.00,540.00,528.00,536.00
1,110/01/05,"34,839,391","18,761,831,567",536.00,542.00,535.00,542.00
2,110/01/06,"55,614,434","30,572,783,229",555.00,555.00,541.00,549.00
3,110/01/07,"53,392,763","30,018,630,685",554.00,570.00,553.00,565.00
4,110/01/08,"62,957,148","36,339,702,855",580.00,580.00,571.00,580.00
5,110/01/11,"52,771,778","30,535,694,908",577.00,584.00,574.00,584.00
6,110/01/12,"52,605,212","30,958,142,918",583.00,597.00,582.00,591.00
7,110/01/13,"75,707,681","45,419,255,149",595.00,605.00,593.00,605.00
8,110/01/14,"90,309,708","53,477,747,672",587.00,597.00,587.00,592.00
9,110/01/15,"100,998,199","61,876,473,170",621.00,625.00,601.00,601.00
10,110/01/18,"50,388,664","30,406,611,574",608.00,608.00,594.00,607.00
11,110/01/19,"52,947,466","32,934,404,720",618.00,632.00,613.00,627.00
12,110/01/20,"95,484,470","61,279,319,857",633.00,650.00,631.00,647.00
13,110/01/21,"97,590,371","64,624,578,866",640.00,679.00,640.00,673.00
14,110/01/22,"134,238,314","88,023,707,664",649.00,665.00,649.00,649.00
15,110/01/25,"98,608,285","62,583,576,696",642.00,646.00,626.00,633.00
16,110/01/26,"114,797,609","71,638,808,826",632.00,640.00,610.00,617.00
17,110/01/27,"72,823,691","44,931,754,892",618.00,625.00,611.00,615.00
18,110/01/28,"104,181,514","62,647,021,616",600.00,608.00,598.00,601.00
19,110/01/29,"96,875,889","58,399,782,288",619.00,619.00,591.00,591.00
0,110/02/01,"70,161,939","42,004,241,697",595.00,612.00,587.00,611.00
1,110/02/02,"80,724,207","50,938,461,582",629.00,638.00,622.00,632.00
2,110/02/03,"59,763,227","37,926,170,035",638.00,642.00,630.00,630.00
3,110/02/04,"47,547,873","29,765,963,971",626.00,632.00,620.00,627.00
4,110/02/05,"57,350,831","36,435,290,641",638.00,641.00,631.00,632.00
5,110/02/17,"115,578,402","76,728,732,025",663.00,668.00,660.00,663.00
6,110/02/18,"54,520,341","36,024,245,089",664.00,665.00,656.00,660.00
7,110/02/19,"51,651,844","33,676,514,428",656.00,657.00,647.00,652.00
8,110/02/22,"39,512,078","25,885,948,680",660.00,662.00,650.00,650.00
9,110/02/23,"52,868,029","33,779,796,222",641.00,643.00,633.00,641.00
10,110/02/24,"80,010,637","50,333,904,697",627.00,636.00,625.00,625.00
11,110/02/25,"45,279,276","28,634,410,089",636.00,636.00,628.00,635.00
12,110/02/26,"137,933,162","84,194,194,399",611.00,618.00,606.00,606.00
0,110/03/02,"57,792,973","35,565,213,485",621.00,622.00,609.00,609.00
1,110/03/03,"61,171,387","37,550,028,241",609.00,622.00,601.00,622.00
2,110/03/04,"75,508,388","45,662,897,489",609.00,611.00,601.00,601.00
3,110/03/05,"85,579,527","50,968,119,396",588.00,605.00,584.00,601.00
4,110/03/08,"47,676,630","28,737,004,484",608.00,610.00,598.00,598.00
5,110/03/09,"74,471,341","43,957,092,621",585.00,595.00,585.00,595.00
6,110/03/10,"41,735,443","24,904,320,192",601.00,601.00,593.00,597.00
7,110/03/11,"55,462,783","33,584,884,382",596.00,612.00,595.00,609.00
8,110/03/12,"33,876,990","20,780,886,905",615.00,618.00,609.00,614.00
9,110/03/15,"29,767,904","18,194,081,208",614.00,614.00,609.00,611.00
10,110/03/16,"37,780,820","23,074,187,740",610.00,613.00,607.00,613.00
11,110/03/17,"43,942,131","26,638,906,800",612.00,612.00,602.00,604.00
12,110/03/18,"30,223,846","18,286,667,342",606.00,609.00,602.00,602.00
13,110/03/19,"74,960,854","44,407,634,402",594.00,598.00,591.00,591.00
14,110/03/22,"35,931,375","21,250,445,678",588.00,598.00,586.00,593.00
15,110/03/23,"31,933,358","19,057,386,513",597.00,603.00,593.00,594.00
16,110/03/24,"115,318,351","66,559,451,738",571.00,582.00,571.00,576.00
17,110/03/25,"74,225,812","42,594,849,855",572.00,581.00,570.00,575.00
18,110/03/26,"37,937,242","22,271,364,837",582.00,592.00,580.00,590.00
19,110/03/29,"40,573,913","24,302,039,570",599.00,602.00,596.00,599.00
20,110/03/30,"34,686,346","20,661,203,325",600.00,600.00,592.00,597.00
21,110/03/31,"44,454,672","26,217,366,895",596.00,597.00,587.00,587.00
0,110/04/01,"45,972,766","27,520,742,963",598.00,602.00,594.00,602.00
1,110/04/06,"37,664,216","23,045,132,094",615.00,616.00,608.00,610.00
2,110/04/07,"28,140,964","17,175,949,080",614.00,614.00,608.00,610.00
3,110/04/08,"26,658,283","16,217,570,357",606.00,613.00,603.00,613.00
4,110/04/09,"31,601,619","19,344,167,081",618.00,618.00,609.00,610.00
5,110/04/12,"23,319,822","14,155,495,430",612.00,613.00,603.00,605.00
6,110/04/13,"27,386,926","16,638,680,378",604.00,613.00,604.00,605.00
7,110/04/14,"31,144,922","18,868,308,243",608.00,612.00,600.00,612.00
8,110/04/15,"36,394,255","22,332,532,476",612.00,619.00,607.00,619.00
9,110/04/16,"49,952,191","30,335,377,876",610.00,611.00,603.00,610.00
10,110/04/19,"25,234,976","15,224,292,755",605.00,607.00,601.00,603.00
11,110/04/20,"36,655,069","21,969,721,089",598.00,602.00,595.00,602.00
12,110/04/21,"41,893,725","24,933,016,553",599.00,599.00,592.00,592.00
13,110/04/22,"38,094,824","22,626,436,436",596.00,598.00,591.00,591.00
14,110/04/23,"29,004,756","17,336,162,729",592.00,602.00,590.00,602.00
15,110/04/26,"32,426,908","19,673,836,650",605.00,610.00,603.00,610.00
16,110/04/27,"26,761,401","16,274,064,043",608.00,611.00,605.00,610.00
17,110/04/28,"24,601,487","14,833,592,900",606.00,608.00,601.00,602.00
18,110/04/29,"35,756,460","21,579,514,979",609.00,609.00,600.00,600.00
0,110/05/03,"46,801,189","27,676,378,065",595.00,597.00,588.00,588.00
1,110/05/04,"45,507,479","26,756,714,081",588.00,594.00,582.00,591.00
2,110/05/05,"31,786,592","18,603,594,408",594.00,594.00,585.00,585.00
3,110/05/06,"33,165,446","19,405,281,385",590.00,590.00,580.00,587.00
4,110/05/07,"28,719,597","17,131,817,777",594.00,600.00,589.00,599.00
5,110/05/10,"21,365,583","12,626,811,276",596.00,597.00,588.00,589.00
6,110/05/11,"66,035,839","37,939,364,597",579.00,580.00,570.00,571.00
7,110/05/12,"138,328,672","76,325,765,887",567.00,571.00,518.00,560.00
8,110/05/13,"71,519,430","39,495,488,180",547.00,563.00,541.00,547.00
9,110/05/14,"38,625,148","21,474,513,930",556.00,562.00,552.00,557.00
10,110/05/17,"58,446,847","32,066,868,553",544.00,558.00,541.00,549.00
11,110/05/18,"44,584,258","25,226,153,189",563.00,573.00,555.00,572.00
12,110/05/19,"29,610,174","16,832,735,286",571.00,572.00,565.00,567.00
13,110/05/20,"36,605,692","20,670,883,290",567.00,571.00,560.00,567.00
14,110/05/21,"28,009,899","16,016,851,343",572.00,577.00,568.00,573.00
15,110/05/24,"15,981,036","9,090,836,697",570.00,572.00,566.00,568.00
16,110/05/25,"35,445,350","20,525,932,956",576.00,584.00,573.00,583.00
17,110/05/26,"19,555,305","11,433,686,898",587.00,588.00,581.00,585.00
18,110/05/27,"70,061,002","40,643,804,852",580.00,582.00,573.00,582.00
19,110/05/28,"30,720,737","18,082,265,480",587.00,592.00,582.00,590.00
20,110/05/31,"31,557,426","18,751,716,595",595.00,597.00,590.00,597.00
0,110/06/01,"18,405,285","10,985,893,229",598.00,599.00,595.00,598.00
1,110/06/02,"22,416,789","13,362,065,937",600.00,600.00,593.00,595.00
2,110/06/03,"31,703,679","18,939,839,664",600.00,600.00,596.00,596.00
3,110/06/04,"16,072,580","9,521,252,157",591.00,595.00,590.00,595.00
4,110/06/07,"17,729,179","10,471,176,330",594.00,595.00,583.00,592.00
5,110/06/08,"14,083,552","8,312,653,665",590.00,595.00,588.00,589.00
6,110/06/09,"21,575,159","12,618,113,390",586.00,588.00,583.00,586.00
7,110/06/10,"29,741,770","17,696,413,894",591.00,599.00,587.00,599.00
8,110/06/11,"24,940,705","15,011,140,567",602.00,603.00,600.00,602.00
9,110/06/15,"30,245,897","18,415,370,774",607.00,609.00,606.00,609.00
10,110/06/16,"28,624,508","17,401,326,587",608.00,608.00,605.00,605.00
11,110/06/17,"26,477,032","15,924,656,516",601.00,606.00,598.00,606.00
12,110/06/18,"42,036,170","25,373,026,235",608.00,608.00,601.00,603.00
13,110/06/21,"47,339,695","27,749,202,661",590.00,594.00,583.00,583.00
14,110/06/22,"30,578,091","17,786,329,582",585.00,588.00,578.00,578.00
15,110/06/23,"36,386,023","21,500,052,844",583.00,598.00,581.00,595.00
16,110/06/24,"19,322,765","11,435,647,488",598.00,598.00,588.00,590.00
17,110/06/25,"19,140,086","11,355,715,486",598.00,598.00,589.00,591.00
18,110/06/28,"15,401,977","9,056,869,217",590.00,590.00,586.00,590.00
19,110/06/29,"30,837,548","18,350,027,611",598.00,598.00,591.00,595.00
20,110/06/30,"34,021,380","20,301,841,661",599.00,599.00,595.00,595.00
0,110/07/01,"18,719,706","11,116,195,742",596.00,597.00,591.00,593.00
1,110/07/02,"19,633,718","11,562,140,245",590.00,593.00,587.00,588.00
2,110/07/05,"30,274,105","17,957,255,325",588.00,597.00,588.00,591.00
3,110/07/06,"13,830,591","8,185,167,307",595.00,596.00,589.00,592.00
4,110/07/07,"17,329,148","10,250,342,169",590.00,594.00,588.00,594.00
5,110/07/08,"21,596,183","12,733,045,117",595.00,595.00,588.00,588.00
6,110/07/09,"30,602,492","17,821,338,170",582.00,585.00,580.00,584.00
7,110/07/12,"33,011,596","19,612,592,644",595.00,597.00,590.00,593.00
8,110/07/13,"54,894,335","33,158,730,436",600.00,608.00,599.00,607.00
9,110/07/14,"39,670,241","24,276,719,505",613.00,615.00,608.00,613.00
10,110/07/15,"23,057,868","14,117,908,308",613.00,614.00,608.00,614.00
11,110/07/16,"61,882,128","36,562,482,701",591.00,595.00,588.00,589.00
12,110/07/19,"43,248,966","25,135,531,384",583.00,584.00,578.00,582.00
13,110/07/20,"16,352,855","9,502,338,666",579.00,584.00,579.00,581.00
14,110/07/21,"26,476,215","15,440,430,690",586.00,586.00,580.00,585.00
15,110/07/22,"27,075,950","16,014,166,571",589.00,594.00,587.00,591.00
16,110/07/23,"15,705,191","9,206,201,715",592.00,592.00,583.00,585.00
17,110/07/26,"22,442,745","13,089,591,086",591.00,591.00,580.00,580.00
18,110/07/27,"18,925,325","10,997,959,654",581.00,584.00,580.00,580.00
19,110/07/28,"39,744,486","22,884,618,824",576.00,579.00,573.00,579.00
20,110/07/29,"25,014,772","14,525,643,464",585.00,585.00,577.00,583.00
21,110/07/30,"26,141,286","15,170,421,873",581.00,582.00,578.00,580.00
0,110/08/02,"24,948,096","14,593,329,483",583.00,590.00,580.00,590.00
1,110/08/03,"28,104,984","16,655,446,605",594.00,594.00,590.00,594.00
2,110/08/04,"23,714,971","14,132,827,829",598.00,598.00,594.00,596.00
3,110/08/05,"15,673,765","9,343,887,536",598.00,598.00,593.00,596.00
4,110/08/06,"13,994,018","8,275,142,201",596.00,596.00,588.00,591.00
5,110/08/09,"17,611,955","10,366,798,182",590.00,595.00,583.00,595.00
6,110/08/10,"17,620,825","10,435,618,093",596.00,596.00,589.00,591.00
7,110/08/11,"20,311,399","11,943,131,619",590.00,590.00,585.00,590.00
8,110/08/12,"16,031,265","9,383,967,628",586.00,588.00,584.00,586.00
9,110/08/13,"25,440,973","14,769,155,709",585.00,585.00,579.00,581.00
10,110/08/16,"19,949,389","11,612,486,234",582.00,586.00,578.00,584.00
11,110/08/17,"31,845,499","18,475,506,150",580.00,582.00,578.00,580.00
12,110/08/18,"47,063,629","26,855,353,529",568.00,575.00,566.00,574.00
13,110/08/19,"42,133,375","23,766,228,074",573.00,573.00,559.00,559.00
14,110/08/20,"47,741,449","26,565,551,162",560.00,563.00,551.00,552.00
15,110/08/23,"34,775,337","19,688,362,857",560.00,572.00,559.00,566.00
16,110/08/24,"27,397,309","15,697,269,609",574.00,575.00,571.00,572.00
17,110/08/25,"28,867,651","16,769,849,402",579.00,585.00,574.00,585.00
18,110/08/26,"45,027,320","26,834,160,811",601.00,603.00,591.00,594.00
19,110/08/27,"29,459,532","17,596,859,741",596.00,600.00,593.00,599.00
20,110/08/30,"40,606,821","24,425,472,555",602.00,605.00,599.00,605.00
21,110/08/31,"58,916,407","35,867,753,009",604.00,614.00,598.00,614.00
0,110/09/01,"31,242,788","19,126,702,297",614.00,614.00,608.00,613.00
1,110/09/02,"26,715,492","16,341,803,689",613.00,615.00,607.00,607.00
2,110/09/03,"53,915,006","33,278,648,609",610.00,620.00,610.00,620.00
3,110/09/06,"59,223,061","37,250,623,087",623.00,638.00,621.00,631.00
4,110/09/07,"27,422,775","17,191,259,166",634.00,634.00,623.00,623.00
5,110/09/08,"38,713,621","23,960,375,113",622.00,627.00,612.00,619.00
6,110/09/09,"19,309,522","11,886,107,760",612.00,620.00,610.00,619.00
7,110/09/10,"16,740,439","10,365,721,937",615.00,623.00,614.00,622.00
8,110/09/13,"15,809,768","9,734,528,161",619.00,620.00,613.00,615.00
9,110/09/14,"16,024,935","9,849,961,184",618.00,618.00,612.00,613.00
10,110/09/15,"26,041,452","15,872,971,715",610.00,613.00,607.00,607.00
11,110/09/16,"23,315,040","14,030,697,248",603.00,607.00,599.00,600.00
12,110/09/17,"42,383,815","25,510,152,115",600.00,610.00,599.00,600.00
13,110/09/22,"42,732,169","25,056,693,727",586.00,589.00,583.00,586.00
14,110/09/23,"22,736,266","13,406,035,166",588.00,593.00,588.00,588.00
15,110/09/24,"17,302,848","10,289,114,839",591.00,598.00,590.00,598.00
16,110/09/27,"20,034,221","11,993,300,562",600.00,602.00,593.00,602.00
17,110/09/28,"17,325,896","10,291,543,822",595.00,596.00,592.00,594.00
18,110/09/29,"51,834,124","30,040,354,500",580.00,583.00,577.00,580.00
19,110/09/30,"36,318,623","21,054,651,328",580.00,585.00,575.00,580.00
0,110/10/01,"39,006,124","22,368,447,571",579.00,579.00,571.00,574.00
1,110/10/04,"22,288,138","12,741,914,919",574.00,575.00,569.00,572.00
2,110/10/05,"36,063,650","20,406,526,124",562.00,572.00,560.00,572.00
3,110/10/06,"33,989,379","19,345,468,774",573.00,574.00,565.00,571.00
4,110/10/07,"28,480,400","16,458,019,782",575.00,582.00,572.00,580.00
5,110/10/08,"22,601,904","13,051,944,932",582.00,583.00,573.00,575.00
6,110/10/12,"27,126,088","15,455,194,493",570.00,575.00,564.00,575.00
7,110/10/13,"19,267,437","11,006,807,040",572.00,575.00,570.00,571.00
8,110/10/14,"14,270,641","8,213,170,376",579.00,579.00,573.00,573.00
9,110/10/15,"55,305,252","32,878,638,999",592.00,600.00,586.00,600.00
10,110/10/18,"19,753,943","11,802,365,489",604.00,604.00,590.00,590.00
11,110/10/19,"18,709,936","11,196,540,994",598.00,600.00,593.00,600.00
12,110/10/20,"17,537,878","10,527,701,553",603.00,604.00,597.00,598.00
13,110/10/21,"16,882,324","10,116,911,921",602.00,603.00,595.00,596.00
14,110/10/22,"14,236,279","8,520,299,817",600.00,602.00,594.00,600.00
15,110/10/25,"17,724,968","10,518,554,968",597.00,597.00,590.00,593.00
16,110/10/26,"27,047,187","16,169,131,795",595.00,600.00,593.00,599.00
17,110/10/27,"16,260,278","9,708,715,733",598.00,599.00,594.00,599.00
18,110/10/28,"16,927,154","10,066,068,774",598.00,598.00,591.00,595.00
19,110/10/29,"27,684,673","16,352,758,906",595.00,596.00,589.00,590.00
0,110/11/01,"17,110,357","10,107,402,871",591.00,593.00,590.00,590.00
1,110/11/02,"16,544,999","9,808,608,554",594.00,597.00,590.00,592.00
2,110/11/03,"11,404,984","6,773,439,607",597.00,597.00,592.00,592.00
3,110/11/04,"18,888,245","11,112,246,412",592.00,594.00,585.00,587.00
4,110/11/05,"35,086,799","20,974,569,571",598.00,600.00,595.00,600.00
5,110/11/08,"20,886,897","12,544,595,323",600.00,602.00,598.00,602.00
6,110/11/09,"42,340,785","25,935,652,781",611.00,617.00,610.00,611.00
7,110/11/10,"18,518,512","11,303,615,778",611.00,612.00,608.00,612.00
8,110/11/11,"20,257,792","12,225,622,771",600.00,606.00,600.00,606.00
9,110/11/12,"21,373,014","12,801,799,429",610.00,611.00,602.00,604.00
10,110/11/15,"17,140,935","10,434,209,332",609.00,611.00,607.00,608.00
11,110/11/16,"21,776,308","13,285,168,416",612.00,612.00,608.00,610.00
12,110/11/17,"21,829,653","13,330,782,804",615.00,615.00,608.00,610.00
13,110/11/18,"22,933,191","14,019,057,524",613.00,614.00,607.00,613.00
14,110/11/19,"38,847,820","24,047,156,185",622.00,623.00,617.00,618.00
15,110/11/22,"23,296,854","14,354,639,781",618.00,618.00,615.00,615.00
16,110/11/23,"20,022,520","12,266,300,247",615.00,615.00,611.00,612.00
17,110/11/24,"22,978,524","13,904,268,592",612.00,612.00,602.00,603.00
18,110/11/25,"14,171,433","8,551,663,451",605.00,607.00,601.00,603.00
19,110/11/26,"27,882,175","16,609,442,268",598.00,601.00,592.00,596.00
20,110/11/29,"24,160,615","14,360,266,132",594.00,598.00,591.00,593.00
21,110/11/30,"69,160,408","41,208,103,150",597.00,600.00,591.00,596.00
0,110/12/01,"30,119,408","18,021,861,252",596.00,603.00,594.00,600.00
1,110/12/02,"48,720,976","29,780,012,954",605.00,615.00,602.00,615.00
2,110/12/03,"27,571,974","16,798,271,782",614.00,614.00,606.00,608.00
3,110/12/06,"24,474,913","14,740,969,839",603.00,609.00,600.00,600.00
4,110/12/07,"21,105,883","12,704,452,330",602.00,607.00,597.00,607.00
5,110/12/08,"22,194,708","13,490,034,097",614.00,614.00,602.00,602.00
6,110/12/09,"12,467,833","7,554,386,680",606.00,608.00,602.00,608.00
7,110/12/10,"11,371,659","6,874,539,365",605.00,608.00,602.00,605.00
8,110/12/13,"17,994,933","10,887,156,003",609.00,610.00,601.00,601.00
9,110/12/14,"22,997,961","13,757,424,386",598.00,600.00,597.00,599.00
10,110/12/15,"22,419,040","13,420,958,112",597.00,601.00,596.00,600.00
11,110/12/16,"22,151,282","13,370,280,179",605.00,605.00,601.00,605.00
12,110/12/17,"30,319,495","18,339,763,894",601.00,607.00,599.00,607.00
13,110/12/20,"22,381,761","13,446,342,438",607.00,607.00,598.00,598.00
14,110/12/21,"17,669,559","10,560,361,874",597.00,600.00,595.00,597.00
15,110/12/22,"10,127,887","6,067,689,422",598.00,601.00,598.00,600.00
16,110/12/23,"16,910,501","10,238,270,336",607.00,608.00,602.00,606.00
17,110/12/24,"12,008,673","7,276,331,245",606.00,609.00,604.00,604.00
18,110/12/27,"16,771,900","10,193,462,167",604.00,610.00,604.00,606.00
19,110/12/28,"35,156,339","21,569,506,434",610.00,615.00,610.00,615.00
20,110/12/29,"25,604,320","15,788,043,027",615.00,619.00,614.00,616.00
21,110/12/30,"20,522,055","12,654,016,133",619.00,620.00,615.00,615.00
0,111/01/03,"73,703,302","46,249,716,919",619.00,632.00,618.00,631.00
1,111/01/04,"90,945,643","59,188,199,534",645.00,656.00,644.00,656.00
2,111/01/05,"72,505,550","47,582,832,784",669.00,669.00,646.00,650.00
3,111/01/06,"57,490,736","36,817,638,522",638.00,646.00,636.00,644.00
4,111/01/07,"39,847,766","25,358,237,656",643.00,646.00,632.00,634.00
5,111/01/10,"39,286,754","25,052,138,297",628.00,645.00,627.00,643.00
6,111/01/11,"36,186,544","23,361,588,355",646.00,651.00,639.00,651.00
7,111/01/12,"40,832,298","26,762,357,054",657.00,660.00,650.00,660.00
8,111/01/13,"39,172,028","25,813,559,647",658.00,662.00,655.00,661.00
9,111/01/14,"98,768,193","66,094,477,906",673.00,673.00,661.00,672.00
10,111/01/17,"63,828,552","43,615,303,577",685.00,688.00,678.00,683.00
11,111/01/18,"48,802,321","32,742,176,854",678.00,681.00,662.00,662.00
12,111/01/19,"44,092,247","28,859,030,269",652.00,660.00,651.00,654.00
13,111/01/20,"48,996,473","31,893,527,292",650.00,657.00,646.00,651.00
14,111/01/21,"53,966,101","34,642,476,570",644.00,646.00,637.00,641.00
15,111/01/24,"48,665,203","31,412,475,591",639.00,655.00,637.00,653.00
16,111/01/25,"53,927,064","34,582,254,327",643.00,645.00,638.00,641.00
17,111/01/26,"33,093,553","21,089,251,429",635.00,641.00,635.00,636.00
0,111/02/07,"64,637,049","41,221,401,027",644.00,644.00,631.00,635.00
1,111/02/08,"43,786,259","27,805,114,442",645.00,645.00,628.00,628.00
2,111/02/09,"33,633,394","21,289,086,984",635.00,637.00,630.00,633.00
3,111/02/10,"37,388,892","24,028,303,016",639.00,649.00,637.00,649.00
4,111/02/11,"28,194,682","18,225,628,338",646.00,650.00,642.00,650.00
5,111/02/14,"39,394,670","25,104,180,949",640.00,641.00,635.00,637.00
6,111/02/15,"24,497,955","15,556,533,655",633.00,639.00,633.00,633.00
7,111/02/16,"27,395,771","17,635,435,307",645.00,646.00,640.00,646.00
8,111/02/17,"20,447,347","13,171,026,165",644.00,646.00,641.00,645.00
9,111/02/18,"21,948,975","13,997,433,486",638.00,639.00,636.00,637.00
10,111/02/21,"25,769,408","16,320,629,980",633.00,636.00,632.00,632.00
11,111/02/22,"38,526,210","24,153,923,316",628.00,630.00,625.00,627.00
12,111/02/23,"34,561,338","21,606,428,438",624.00,629.00,623.00,625.00
13,111/02/24,"80,672,979","49,358,065,299",618.00,619.00,604.00,604.00
14,111/02/25,"94,155,943","56,880,320,916",600.00,609.00,600.00,604.00
